<?xml version="1.0" encoding="UTF-8" standalone="yes" ?>
<appProperties xmlns="http://schemas.mathworks.com/matlab/app/2012/appProperties" signature="59626843AA987F7C9BDCBDD945B5891D504B95DF">

  <entryPoint>Face_Detection</entryPoint>

  <name>Face_Detection_1</name>

  <version>1.0</version>

  <createdByMATLABRelease>(R2020a)</createdByMATLABRelease>

  <GUID>1b38a6dc-c11a-46ec-9570-8cd920ffe8fe</GUID>

  <summary>Face Detectection app</summary>

  <description>Face Detectection app</description>

  <author>
    <name>Abdullah Alaba</name>
    <contact>abdullahalaba13@gmail.com</contact>
    <organization>Zagzig Faculty of Engneering</organization>
  </author>

  <supportedPlatforms/>

  <requiredProducts/>

  <numFiles>1</numFiles>

  <created>2025-04-25T11:06:10Z</created>

  <appEntries>
    <appFile>/Face_Detection.mlapp</appFile>
  </appEntries>

</appProperties>
