<?xml version="1.0" encoding="UTF-8" standalone="yes" ?><cp:coreProperties xmlns:cp="http://schemas.openxmlformats.org/package/2006/metadata/core-properties" xmlns:dc="http://purl.org/dc/elements/1.1/" xmlns:dcmitype="http://purl.org/dc/dcmitype/" xmlns:dcterms="http://purl.org/dc/terms/" xmlns:xsi="http://www.w3.org/2001/XMLSchema-instance"><dcterms:created xsi:type="dcterms:W3CDTF">2025-04-25T11:06:10Z</dcterms:created><dc:creator>Abdullah Alaba</dc:creator><dc:description>Face Detectection app</dc:description><dc:title>Face_Detection_1</dc:title><cp:version>1.0</cp:version></cp:coreProperties>